{
    "build": {
        "dockerfile": "./Dockerfile",
        "context": "."
    },
    "features": {
        "ghcr.io/devcontainers/features/common-utils:2": {
            "installZsh": "true",
            "username": "vscode",
            "userUid": "1000",
            "userGid": "1000",
            "upgradePackages": "true"
        },
        "ghcr.io/devcontainers/features/go:1": {
            "version": "none"
        },
        "ghcr.io/devcontainers/features/node:1": {
            "version": "none"
        },
        "ghcr.io/devcontainers/features/git:1": {
            "version": "latest",
            "ppa": "false"
        }
    },
    "runArgs": [
        "--cap-add=SYS_PTRACE",
        "--security-opt",
        "seccomp=unconfined"
    ],
    // Configure tool-specific properties.
    "customizations": {
        // Configure properties specific to VS Code.
        "vscode": {
            // Set *default* container specific settings.json values on container create.
            "settings": {
                "go.toolsManagement.checkForUpdates": "local",
                "go.useLanguageServer": true,
                "go.gopath": "/go"
            },
            // Add the IDs of extensions you want installed when the container is created.
            "extensions": [
                "golang.Go"
            ]
        }
    },
    // Use 'forwardPorts' to make a list of ports inside the container available locally.
    // "forwardPorts": [],

    // Use 'postCreateCommand' to run commands after the container is created.
    // "postCreateCommand": "go version",

    // Set `remoteUser` to `root` to connect as root instead. More info: https://aka.ms/vscode-remote/containers/non-root.
    "remoteUser": "vscode"
}
