{
    "Registrations": [
        {
            "Component": {
                "Type": "linux",
                "Linux": {
                    "Name": "yarn",
                    "Version": "1.22.22-1",
                    "Distribution": "debian",
                    "Release": "12",
                    "Pool-URL": "https://dl.yarnpkg.com/debian",
                    "Key-URL": "https://dl.yarnpkg.com/debian/pubkey.gpg"
                }
            }
        },
        {
            "Component": {
                "Type": "Pip",
                "Pip": {
                    "Name": "joblib",
                    "Version": "1.4.2"
                }
            }
        },
        {
            "Component": {
                "Type": "Pip",
                "Pip": {
                    "Name": "cookiecutter",
                    "Version": "2.6.0"
                }
            }
        },
        {
            "Component": {
                "Type": "Pip",
                "Pip": {
                    "Name": "cryptography",
                    "Version": "46.0.3"
                }
            }
        },
        {
            "Component": {
                "Type": "Pip",
                "Pip": {
                    "Name": "mistune",
                    "Version": "3.1.2"
                }
            }
        },
        {
            "Component": {
                "Type": "Pip",
                "Pip": {
                    "Name": "numpy",
                    "Version": "1.26.4"
                }
            }
        },
        {
            "Component": {
                "Type": "Pip",
                "Pip": {
                    "Name": "certifi",
                    "Version": "2026.1.4"
                }
            }
        },
        {
            "Component": {
                "Type": "Pip",
                "Pip": {
                    "Name": "setuptools",
                    "Version": "80.10.1"
                }
            }
        },
        {
            "Component": {
                "Type": "Pip",
                "Pip": {
                    "Name": "wheel",
                    "Version": "0.44.0"
                }
            }
        },
        {
            "Component": {
                "Type": "Pip",
                "Pip": {
                    "Name": "nbconvert",
                    "Version": "7.16.4"
                }
            }
        },
        {
            "Component": {
                "Type": "Pip",
                "Pip": {
                    "Name": "py"
                }
            }
        },
        {
            "Component": {
                "Type": "Pip",
                "Pip": {
                    "Name": "pyOpenssl"
                }
            }
        },
        {
            "Component": {
                "Type": "Pip",
                "Pip": {
                    "Name": "Werkzeug",
                    "Version": "3.1.3"
                }
            }
        },
        {
            "Component": {
                "Type": "Pip",
                "Pip": {
                    "Name": "requests",
                    "Version": "2.32.5"
                }
            }
        },
        {
            "Component": {
                "Type": "Pip",
                "Pip": {
                    "Name": "tornado",
                    "Version": "6.5.4"
                }
            }
        },
        {
            "Component": {
                "Type": "Pip",
                "Pip": {
                    "Name": "transformers",
                    "Version": "4.53.0"
                }
            }
        },
        {
            "Component": {
                "Type": "Pip",
                "Pip": {
                    "Name": "jupyter_server",
                    "Version": "2.14.1"
                }
            }
        },
        {
            "Component": {
                "Type": "git",
                "Git": {
                    "Name": "Oh My Zsh!",
                    "repositoryUrl": "https://github.com/ohmyzsh/ohmyzsh",
                    "commitHash": "3e7ef0182f59c7990a52cf6ec2981adb56d5b368"
                }
            }
        },
        {
            "Component": {
                "Type": "other",
                "Other": {
                    "Name": "git",
                    "Version": "2.50.1",
                    "DownloadUrl": "https://github.com/git/git"
                }
            }
        },
        {
            "Component": {
                "Type": "other",
                "Other": {
                    "Name": "Docker Image: continuumio/anaconda3",
                    "Version": "latest",
                    "DownloadUrl": "https://hub.docker.com/r/continuumio/anaconda3"
                }
            }
        },
        {
            "Component": {
                "Type": "git",
                "Git": {
                    "Name": "Oh My Zsh!",
                    "repositoryUrl": "https://github.com/ohmyzsh/ohmyzsh",
                    "commitHash": "67cd8c4673512d08238461f7ce00715da01665d4"
                }
            }
        },
        {
            "Component": {
                "Type": "other",
                "Other": {
                    "Name": "git",
                    "Version": "2.52.0",
                    "DownloadUrl": "https://github.com/git/git"
                }
            }
        },
        {
            "Component": {
                "Type": "other",
                "Other": {
                    "Name": "Docker Image: alpine",
                    "Version": "latest",
                    "DownloadUrl": "https://hub.docker.com/_/alpine"
                }
            }
        },
        {
            "Component": {
                "Type": "other",
                "Other": {
                    "Name": "Docker Image: alpine",
                    "Version": "3.23",
                    "DownloadUrl": "https://hub.docker.com/_/alpine"
                }
            }
        },
        {
            "Component": {
                "Type": "other",
                "Other": {
                    "Name": "Docker Image: alpine",
                    "Version": "3.22",
                    "DownloadUrl": "https://hub.docker.com/_/alpine"
                }
            }
        },
        {
            "Component": {
                "Type": "other",
                "Other": {
                    "Name": "Docker Image: alpine",
                    "Version": "3.21",
                    "DownloadUrl": "https://hub.docker.com/_/alpine"
                }
            }
        },
        {
            "Component": {
                "Type": "other",
                "Other": {
                    "Name": "Docker Image: alpine",
                    "Version": "3.20",
                    "DownloadUrl": "https://hub.docker.com/_/alpine"
                }
            }
        },
        {
            "Component": {
                "Type": "other",
                "Other": {
                    "Name": "Docker Image: buildpack-deps",
                    "Version": "trixie-curl",
                    "DownloadUrl": "https://hub.docker.com/_/buildpack-deps"
                }
            }
        },
        {
            "Component": {
                "Type": "other",
                "Other": {
                    "Name": "Docker Image: buildpack-deps",
                    "Version": "bookworm-curl",
                    "DownloadUrl": "https://hub.docker.com/_/buildpack-deps"
                }
            }
        },
        {
            "Component": {
                "Type": "other",
                "Other": {
                    "Name": "Docker Image: buildpack-deps",
                    "Version": "bullseye-curl",
                    "DownloadUrl": "https://hub.docker.com/_/buildpack-deps"
                }
            }
        },
        {
            "Component": {
                "Type": "other",
                "Other": {
                    "Name": "Docker Image: buildpack-deps",
                    "Version": "noble-curl",
                    "DownloadUrl": "https://hub.docker.com/_/buildpack-deps"
                }
            }
        },
        {
            "Component": {
                "Type": "other",
                "Other": {
                    "Name": "Docker Image: buildpack-deps",
                    "Version": "jammy-curl",
                    "DownloadUrl": "https://hub.docker.com/_/buildpack-deps"
                }
            }
        },
        {
            "Component": {
                "Type": "git",
                "Git": {
                    "Name": "vcpkg",
                    "repositoryUrl": "https://github.com/microsoft/vcpkg",
                    "commitHash": "4b737e6345a7683a239f61f0fc728c312471a13b"
                }
            }
        },
        {
            "Component": {
                "Type": "git",
                "Git": {
                    "Name": "vcpkg",
                    "repositoryUrl": "https://github.com/microsoft/vcpkg",
                    "commitHash": "3e5d317f4783991056da95ab4cb1f27e76d1cf88"
                }
            }
        },
        {
            "Component": {
                "Type": "git",
                "Git": {
                    "Name": "vcpkg",
                    "repositoryUrl": "https://github.com/microsoft/vcpkg",
                    "commitHash": "a2a478a93d582a4b395a4dc4b7052bfcb42c1f8e"
                }
            }
        },
        {
            "Component": {
                "Type": "other",
                "Other": {
                    "Name": "Docker Image: buildpack-deps",
                    "Version": "trixie-curl",
                    "DownloadUrl": "https://hub.docker.com/_/buildpack-deps"
                }
            }
        },
        {
            "Component": {
                "Type": "other",
                "Other": {
                    "Name": "Docker Image: buildpack-deps",
                    "Version": "bookworm-curl",
                    "DownloadUrl": "https://hub.docker.com/_/buildpack-deps"
                }
            }
        },
        {
            "Component": {
                "Type": "other",
                "Other": {
                    "Name": "Docker Image: buildpack-deps",
                    "Version": "noble-curl",
                    "DownloadUrl": "https://hub.docker.com/_/buildpack-deps"
                }
            }
        },
        {
            "Component": {
                "Type": "other",
                "Other": {
                    "Name": "Docker Image: buildpack-deps",
                    "Version": "jammy-curl",
                    "DownloadUrl": "https://hub.docker.com/_/buildpack-deps"
                }
            }
        },
        {
            "Component": {
                "Type": "git",
                "Git": {
                    "Name": "nvm",
                    "repositoryUrl": "https://github.com/nvm-sh/nvm.git",
                    "commitHash": "977563e97ddc66facf3a8e31c6cff01d236f09bd"
                }
            }
        },
        {
            "Component": {
                "Type": "other",
                "Other": {
                    "Name": "Docker Image: mcr.microsoft.com/dotnet/sdk",
                    "Version": "10.0-noble",
                    "DownloadUrl": "https://hub.docker.com/_/microsoft-dotnet-sdk"
                }
            }
        },
        {
            "Component": {
                "Type": "other",
                "Other": {
                    "Name": "Docker Image: mcr.microsoft.com/dotnet/sdk",
                    "Version": "9.0-bookworm-slim",
                    "DownloadUrl": "https://hub.docker.com/_/microsoft-dotnet-sdk"
                }
            }
        },
        {
            "Component": {
                "Type": "other",
                "Other": {
                    "Name": "Docker Image: mcr.microsoft.com/dotnet/sdk",
                    "Version": "9.0-noble",
                    "DownloadUrl": "https://hub.docker.com/_/microsoft-dotnet-sdk"
                }
            }
        },
        {
            "Component": {
                "Type": "other",
                "Other": {
                    "Name": "Docker Image: mcr.microsoft.com/dotnet/sdk",
                    "Version": "8.0-bookworm-slim",
                    "DownloadUrl": "https://hub.docker.com/_/microsoft-dotnet-sdk"
                }
            }
        },
        {
            "Component": {
                "Type": "other",
                "Other": {
                    "Name": "Docker Image: mcr.microsoft.com/dotnet/sdk",
                    "Version": "8.0-noble",
                    "DownloadUrl": "https://hub.docker.com/_/microsoft-dotnet-sdk"
                }
            }
        },
        {
            "Component": {
                "Type": "other",
                "Other": {
                    "Name": "Docker Image: mcr.microsoft.com/dotnet/sdk",
                    "Version": "8.0-jammy",
                    "DownloadUrl": "https://hub.docker.com/_/microsoft-dotnet-sdk"
                }
            }
        },
        {
            "Component": {
                "Type": "go",
                "Go": {
                    "Name": "golang.org/x/tools/gopls",
                    "Version": "0.21.0"
                }
            }
        },
        {
            "Component": {
                "Type": "go",
                "Go": {
                    "Name": "honnef.co/go/tools",
                    "Version": "0.7.0-0.dev.0.20251022135355-8273271481d0"
                }
            }
        },
        {
            "Component": {
                "Type": "go",
                "Go": {
                    "Name": "golang.org/x/lint",
                    "Version": "0.0.0-20241112194109-818c5a804067"
                }
            }
        },
        {
            "Component": {
                "Type": "go",
                "Go": {
                    "Name": "github.com/mgechev/revive",
                    "Version": "1.13.0"
                }
            }
        },
        {
            "Component": {
                "Type": "go",
                "Go": {
                    "Name": "github.com/uudashr/gopkgs",
                    "Version": "latest"
                }
            }
        },
        {
            "Component": {
                "Type": "go",
                "Go": {
                    "Name": "github.com/ramya-rao-a/go-outline",
                    "Version": "latest"
                }
            }
        },
        {
            "Component": {
                "Type": "go",
                "Go": {
                    "Name": "github.com/go-delve/delve",
                    "Version": "1.26.0"
                }
            }
        },
        {
            "Component": {
                "Type": "go",
                "Go": {
                    "Name": "github.com/golangci/golangci-lint",
                    "Version": "latest"
                }
            }
        },
        {
            "Component": {
                "Type": "go",
                "Go": {
                    "Name": "honnef.co/go/tools",
                    "Version": "0.6.1"
                }
            }
        },
        {
            "Component": {
                "Type": "other",
                "Other": {
                    "Name": "Docker Image: golang",
                    "Version": "1.25-trixie",
                    "DownloadUrl": "https://hub.docker.com/_/golang"
                }
            }
        },
        {
            "Component": {
                "Type": "other",
                "Other": {
                    "Name": "Docker Image: golang",
                    "Version": "1.24-trixie",
                    "DownloadUrl": "https://hub.docker.com/_/golang"
                }
            }
        },
        {
            "Component": {
                "Type": "other",
                "Other": {
                    "Name": "Docker Image: golang",
                    "Version": "1.25-bookworm",
                    "DownloadUrl": "https://hub.docker.com/_/golang"
                }
            }
        },
        {
            "Component": {
                "Type": "other",
                "Other": {
                    "Name": "Docker Image: golang",
                    "Version": "1.24-bookworm",
                    "DownloadUrl": "https://hub.docker.com/_/golang"
                }
            }
        },
        {
            "Component": {
                "Type": "other",
                "Other": {
                    "Name": "Docker Image: golang",
                    "Version": "1.24-bullseye",
                    "DownloadUrl": "https://hub.docker.com/_/golang"
                }
            }
        },
        {
            "Component": {
                "Type": "other",
                "Other": {
                    "Name": "SDKMAN!",
                    "Version": "",
                    "DownloadUrl": "https://github.com/sdkman/sdkman-cli"
                }
            }
        },
        {
            "Component": {
                "Type": "other",
                "Other": {
                    "Name": "Docker Image: buildpack-deps",
                    "Version": "${BASE_IMAGE_VERSION_CODENAME}-curl",
                    "DownloadUrl": "https://hub.docker.com/_/buildpack-deps"
                }
            }
        },
        {
            "Component": {
                "Type": "other",
                "Other": {
                    "Name": "Eclipse Temurin",
                    "Version": "1.8.0_472",
                    "DownloadUrl": "https://adoptium.net/"
                }
            }
        },
        {
            "Component": {
                "Type": "npm",
                "Npm": {
                    "Name": "eslint",
                    "Version": "9.39.2"
                }
            }
        },
        {
            "Component": {
                "Type": "git",
                "Git": {
                    "Name": "Oh My Zsh!",
                    "repositoryUrl": "https://github.com/ohmyzsh/ohmyzsh",
                    "commitHash": "67cd8c4673512d08238461f7ce00715da01665d4"
                }
            }
        },
        {
            "Component": {
                "Type": "other",
                "Other": {
                    "Name": "Docker Image: node",
                    "Version": "24-trixie",
                    "DownloadUrl": "https://hub.docker.com/_/node"
                }
            }
        },
        {
            "Component": {
                "Type": "other",
                "Other": {
                    "Name": "Docker Image: node",
                    "Version": "22-trixie",
                    "DownloadUrl": "https://hub.docker.com/_/node"
                }
            }
        },
        {
            "Component": {
                "Type": "other",
                "Other": {
                    "Name": "Docker Image: node",
                    "Version": "20-trixie",
                    "DownloadUrl": "https://hub.docker.com/_/node"
                }
            }
        },
        {
            "Component": {
                "Type": "other",
                "Other": {
                    "Name": "Docker Image: node",
                    "Version": "24-bookworm",
                    "DownloadUrl": "https://hub.docker.com/_/node"
                }
            }
        },
        {
            "Component": {
                "Type": "other",
                "Other": {
                    "Name": "Docker Image: node",
                    "Version": "22-bookworm",
                    "DownloadUrl": "https://hub.docker.com/_/node"
                }
            }
        },
        {
            "Component": {
                "Type": "other",
                "Other": {
                    "Name": "Docker Image: node",
                    "Version": "20-bookworm",
                    "DownloadUrl": "https://hub.docker.com/_/node"
                }
            }
        },
        {
            "Component": {
                "Type": "other",
                "Other": {
                    "Name": "Docker Image: node",
                    "Version": "24-bullseye",
                    "DownloadUrl": "https://hub.docker.com/_/node"
                }
            }
        },
        {
            "Component": {
                "Type": "other",
                "Other": {
                    "Name": "Docker Image: node",
                    "Version": "22-bullseye",
                    "DownloadUrl": "https://hub.docker.com/_/node"
                }
            }
        },
        {
            "Component": {
                "Type": "other",
                "Other": {
                    "Name": "Docker Image: node",
                    "Version": "20-bullseye",
                    "DownloadUrl": "https://hub.docker.com/_/node"
                }
            }
        },
        {
            "Component": {
                "Type": "RubyGems",
                "RubyGems": {}
            }
        },
        {
            "Component": {
                "Type": "RubyGems",
                "RubyGems": {
                    "Name": "bundler",
                    "Version": "4.0.4"
                }
            }
        },
        {
            "Component": {
                "Type": "RubyGems",
                "RubyGems": {
                    "Name": "jekyll",
                    "Version": "4.4.1"
                }
            }
        },
        {
            "Component": {
                "Type": "RubyGems",
                "RubyGems": {
                    "Name": "github-pages",
                    "Version": "232"
                }
            }
        },
        {
            "Component": {
                "Type": "git",
                "Git": {
                    "Name": "rbenv",
                    "repositoryUrl": "https://github.com/rbenv/rbenv.git",
                    "commitHash": "ba96d7e3583e6e47ebb2f416ff2cf164e8a94f3f"
                }
            }
        },
        {
            "Component": {
                "Type": "git",
                "Git": {
                    "Name": "ruby-build",
                    "repositoryUrl": "https://github.com/rbenv/ruby-build.git",
                    "commitHash": "2c978c3c169aa5d113b1f3addb1a2e36e6218167"
                }
            }
        },
        {
            "Component": {
                "Type": "other",
                "Other": {
                    "Name": "rvm",
                    "Version": "1.29.12",
                    "DownloadUrl": "https://github.com/rvm/rvm"
                }
            }
        },
        {
            "Component": {
                "Type": "other",
                "Other": {
                    "Name": "Docker Image: mcr.microsoft.com/devcontainers/ruby",
                    "Version": "3.4-bookworm",
                    "DownloadUrl": "https://github.com/devcontainers/images"
                }
            }
        },
        {
            "Component": {
                "Type": "other",
                "Other": {
                    "Name": "Docker Image: mcr.microsoft.com/devcontainers/ruby",
                    "Version": "3.3-bookworm",
                    "DownloadUrl": "https://github.com/devcontainers/images"
                }
            }
        },
        {
            "Component": {
                "Type": "other",
                "Other": {
                    "Name": "Docker Image: mcr.microsoft.com/devcontainers/ruby",
                    "Version": "3.3-bullseye",
                    "DownloadUrl": "https://github.com/devcontainers/images"
                }
            }
        },
        {
            "Component": {
                "Type": "Pip",
                "Pip": {
                    "Name": "certifi",
                    "Version": "2025.11.12"
                }
            }
        },
        {
            "Component": {
                "Type": "Pip",
                "Pip": {
                    "Name": "setuptools",
                    "Version": "80.9.0"
                }
            }
        },
        {
            "Component": {
                "Type": "Pip",
                "Pip": {
                    "Name": "wheel",
                    "Version": "0.45.1"
                }
            }
        },
        {
            "Component": {
                "Type": "Pip",
                "Pip": {
                    "Name": "pylint",
                    "Version": "4.0.4"
                }
            }
        },
        {
            "Component": {
                "Type": "Pip",
                "Pip": {
                    "Name": "flake8",
                    "Version": "7.3.0"
                }
            }
        },
        {
            "Component": {
                "Type": "Pip",
                "Pip": {
                    "Name": "autopep8",
                    "Version": "2.3.2"
                }
            }
        },
        {
            "Component": {
                "Type": "Pip",
                "Pip": {
                    "Name": "black",
                    "Version": "26.1.0"
                }
            }
        },
        {
            "Component": {
                "Type": "Pip",
                "Pip": {
                    "Name": "yapf",
                    "Version": "0.43.0"
                }
            }
        },
        {
            "Component": {
                "Type": "Pip",
                "Pip": {
                    "Name": "mypy",
                    "Version": "1.19.1"
                }
            }
        },
        {
            "Component": {
                "Type": "Pip",
                "Pip": {
                    "Name": "pydocstyle",
                    "Version": "6.3.0"
                }
            }
        },
        {
            "Component": {
                "Type": "Pip",
                "Pip": {
                    "Name": "pycodestyle",
                    "Version": "2.14.0"
                }
            }
        },
        {
            "Component": {
                "Type": "Pip",
                "Pip": {
                    "Name": "bandit",
                    "Version": "1.9.3"
                }
            }
        },
        {
            "Component": {
                "Type": "Pip",
                "Pip": {
                    "Name": "virtualenv",
                    "Version": "20.36.1"
                }
            }
        },
        {
            "Component": {
                "Type": "Pip",
                "Pip": {
                    "Name": "pipx",
                    "Version": "1.8.0"
                }
            }
        },
        {
            "Component": {
                "Type": "git",
                "Git": {
                    "Name": "Oh My Zsh!",
                    "repositoryUrl": "https://github.com/ohmyzsh/ohmyzsh",
                    "commitHash": "945d89f7ae86c740f0e09e94b7baf9b12a384535"
                }
            }
        },
        {
            "Component": {
                "Type": "other",
                "Other": {
                    "Name": "Docker Image: continuumio/miniconda3",
                    "Version": "latest",
                    "DownloadUrl": "https://hub.docker.com/r/continuumio/miniconda3"
                }
            }
        },
        {
            "Component": {
                "Type": "other",
                "Other": {
                    "Name": "Xdebug",
                    "Version": "3.5.0",
                    "DownloadUrl": "https://xdebug.org/"
                }
            }
        },
        {
            "Component": {
                "Type": "other",
                "Other": {
                    "Name": "Composer",
                    "Version": "2.9.4",
                    "DownloadUrl": "https://getcomposer.org/"
                }
            }
        },
        {
            "Component": {
                "Type": "other",
                "Other": {
                    "Name": "Docker Image: php",
                    "Version": "8.5-apache-trixie",
                    "DownloadUrl": "https://hub.docker.com/_/php"
                }
            }
        },
        {
            "Component": {
                "Type": "other",
                "Other": {
                    "Name": "Docker Image: php",
                    "Version": "8.4-apache-trixie",
                    "DownloadUrl": "https://hub.docker.com/_/php"
                }
            }
        },
        {
            "Component": {
                "Type": "other",
                "Other": {
                    "Name": "Docker Image: php",
                    "Version": "8.3-apache-trixie",
                    "DownloadUrl": "https://hub.docker.com/_/php"
                }
            }
        },
        {
            "Component": {
                "Type": "other",
                "Other": {
                    "Name": "Docker Image: php",
                    "Version": "8.2-apache-trixie",
                    "DownloadUrl": "https://hub.docker.com/_/php"
                }
            }
        },
        {
            "Component": {
                "Type": "other",
                "Other": {
                    "Name": "Docker Image: php",
                    "Version": "8.5-apache-bookworm",
                    "DownloadUrl": "https://hub.docker.com/_/php"
                }
            }
        },
        {
            "Component": {
                "Type": "other",
                "Other": {
                    "Name": "Docker Image: php",
                    "Version": "8.4-apache-bookworm",
                    "DownloadUrl": "https://hub.docker.com/_/php"
                }
            }
        },
        {
            "Component": {
                "Type": "other",
                "Other": {
                    "Name": "Docker Image: php",
                    "Version": "8.3-apache-bookworm",
                    "DownloadUrl": "https://hub.docker.com/_/php"
                }
            }
        },
        {
            "Component": {
                "Type": "other",
                "Other": {
                    "Name": "Docker Image: php",
                    "Version": "8.2-apache-bookworm",
                    "DownloadUrl": "https://hub.docker.com/_/php"
                }
            }
        },
        {
            "Component": {
                "Type": "Pip",
                "Pip": {
                    "Name": "setuptools",
                    "Version": "78.1.1"
                }
            }
        },
        {
            "Component": {
                "Type": "other",
                "Other": {
                    "Name": "Docker Image: python",
                    "Version": "3.14-trixie",
                    "DownloadUrl": "https://hub.docker.com/_/python"
                }
            }
        },
        {
            "Component": {
                "Type": "other",
                "Other": {
                    "Name": "Docker Image: python",
                    "Version": "3.13-trixie",
                    "DownloadUrl": "https://hub.docker.com/_/python"
                }
            }
        },
        {
            "Component": {
                "Type": "other",
                "Other": {
                    "Name": "Docker Image: python",
                    "Version": "3.12-trixie",
                    "DownloadUrl": "https://hub.docker.com/_/python"
                }
            }
        },
        {
            "Component": {
                "Type": "other",
                "Other": {
                    "Name": "Docker Image: python",
                    "Version": "3.11-trixie",
                    "DownloadUrl": "https://hub.docker.com/_/python"
                }
            }
        },
        {
            "Component": {
                "Type": "other",
                "Other": {
                    "Name": "Docker Image: python",
                    "Version": "3.10-trixie",
                    "DownloadUrl": "https://hub.docker.com/_/python"
                }
            }
        },
        {
            "Component": {
                "Type": "other",
                "Other": {
                    "Name": "Docker Image: python",
                    "Version": "3.14-bookworm",
                    "DownloadUrl": "https://hub.docker.com/_/python"
                }
            }
        },
        {
            "Component": {
                "Type": "other",
                "Other": {
                    "Name": "Docker Image: python",
                    "Version": "3.13-bookworm",
                    "DownloadUrl": "https://hub.docker.com/_/python"
                }
            }
        },
        {
            "Component": {
                "Type": "other",
                "Other": {
                    "Name": "Docker Image: python",
                    "Version": "3.12-bookworm",
                    "DownloadUrl": "https://hub.docker.com/_/python"
                }
            }
        },
        {
            "Component": {
                "Type": "other",
                "Other": {
                    "Name": "Docker Image: python",
                    "Version": "3.11-bookworm",
                    "DownloadUrl": "https://hub.docker.com/_/python"
                }
            }
        },
        {
            "Component": {
                "Type": "other",
                "Other": {
                    "Name": "Docker Image: python",
                    "Version": "3.10-bookworm",
                    "DownloadUrl": "https://hub.docker.com/_/python"
                }
            }
        },
        {
            "Component": {
                "Type": "other",
                "Other": {
                    "Name": "Docker Image: ruby",
                    "Version": "4.0-trixie",
                    "DownloadUrl": "https://hub.docker.com/_/ruby"
                }
            }
        },
        {
            "Component": {
                "Type": "other",
                "Other": {
                    "Name": "Docker Image: ruby",
                    "Version": "3.4-trixie",
                    "DownloadUrl": "https://hub.docker.com/_/ruby"
                }
            }
        },
        {
            "Component": {
                "Type": "other",
                "Other": {
                    "Name": "Docker Image: ruby",
                    "Version": "3.3-trixie",
                    "DownloadUrl": "https://hub.docker.com/_/ruby"
                }
            }
        },
        {
            "Component": {
                "Type": "other",
                "Other": {
                    "Name": "Docker Image: ruby",
                    "Version": "3.2-trixie",
                    "DownloadUrl": "https://hub.docker.com/_/ruby"
                }
            }
        },
        {
            "Component": {
                "Type": "other",
                "Other": {
                    "Name": "Docker Image: ruby",
                    "Version": "4.0-bookworm",
                    "DownloadUrl": "https://hub.docker.com/_/ruby"
                }
            }
        },
        {
            "Component": {
                "Type": "other",
                "Other": {
                    "Name": "Docker Image: ruby",
                    "Version": "3.4-bookworm",
                    "DownloadUrl": "https://hub.docker.com/_/ruby"
                }
            }
        },
        {
            "Component": {
                "Type": "other",
                "Other": {
                    "Name": "Docker Image: ruby",
                    "Version": "3.3-bookworm",
                    "DownloadUrl": "https://hub.docker.com/_/ruby"
                }
            }
        },
        {
            "Component": {
                "Type": "other",
                "Other": {
                    "Name": "Docker Image: ruby",
                    "Version": "3.2-bookworm",
                    "DownloadUrl": "https://hub.docker.com/_/ruby"
                }
            }
        },
        {
            "Component": {
                "Type": "other",
                "Other": {
                    "Name": "Docker Image: ruby",
                    "Version": "3.4-bullseye",
                    "DownloadUrl": "https://hub.docker.com/_/ruby"
                }
            }
        },
        {
            "Component": {
                "Type": "other",
                "Other": {
                    "Name": "Docker Image: ruby",
                    "Version": "3.3-bullseye",
                    "DownloadUrl": "https://hub.docker.com/_/ruby"
                }
            }
        },
        {
            "Component": {
                "Type": "other",
                "Other": {
                    "Name": "Docker Image: ruby",
                    "Version": "3.2-bullseye",
                    "DownloadUrl": "https://hub.docker.com/_/ruby"
                }
            }
        },
        {
            "Component": {
                "Type": "cargo",
                "Cargo": {
                    "Name": "rustfmt",
                    "Version": "1.8.0"
                }
            }
        },
        {
            "Component": {
                "Type": "cargo",
                "Cargo": {
                    "Name": "rust-analysis",
                    "Version": "1.93.0"
                }
            }
        },
        {
            "Component": {
                "Type": "cargo",
                "Cargo": {
                    "Name": "rust-src",
                    "Version": "1.93.0"
                }
            }
        },
        {
            "Component": {
                "Type": "cargo",
                "Cargo": {
                    "Name": "clippy",
                    "Version": "1.93.0"
                }
            }
        },
        {
            "Component": {
                "Type": "other",
                "Other": {
                    "Name": "Docker Image: rust",
                    "Version": "1-trixie",
                    "DownloadUrl": "https://hub.docker.com/_/rust"
                }
            }
        },
        {
            "Component": {
                "Type": "other",
                "Other": {
                    "Name": "Docker Image: rust",
                    "Version": "1-bookworm",
                    "DownloadUrl": "https://hub.docker.com/_/rust"
                }
            }
        },
        {
            "Component": {
                "Type": "other",
                "Other": {
                    "Name": "Docker Image: rust",
                    "Version": "1-bullseye",
                    "DownloadUrl": "https://hub.docker.com/_/rust"
                }
            }
        },
        {
            "Component": {
                "Type": "npm",
                "Npm": {
                    "Name": "tslint-to-eslint-config",
                    "Version": "2.16.0"
                }
            }
        },
        {
            "Component": {
                "Type": "npm",
                "Npm": {
                    "Name": "typescript",
                    "Version": "5.9.3"
                }
            }
        },
        {
            "Component": {
                "Type": "other",
                "Other": {
                    "Name": "Docker Image: node",
                    "Version": "24-trixie",
                    "DownloadUrl": "https://hub.docker.com/_/node"
                }
            }
        },
        {
            "Component": {
                "Type": "other",
                "Other": {
                    "Name": "Docker Image: node",
                    "Version": "22-trixie",
                    "DownloadUrl": "https://hub.docker.com/_/node"
                }
            }
        },
        {
            "Component": {
                "Type": "other",
                "Other": {
                    "Name": "Docker Image: node",
                    "Version": "20-trixie",
                    "DownloadUrl": "https://hub.docker.com/_/node"
                }
            }
        },
        {
            "Component": {
                "Type": "other",
                "Other": {
                    "Name": "Docker Image: node",
                    "Version": "24-bookworm",
                    "DownloadUrl": "https://hub.docker.com/_/node"
                }
            }
        },
        {
            "Component": {
                "Type": "other",
                "Other": {
                    "Name": "Docker Image: node",
                    "Version": "22-bookworm",
                    "DownloadUrl": "https://hub.docker.com/_/node"
                }
            }
        },
        {
            "Component": {
                "Type": "other",
                "Other": {
                    "Name": "Docker Image: node",
                    "Version": "20-bookworm",
                    "DownloadUrl": "https://hub.docker.com/_/node"
                }
            }
        },
        {
            "Component": {
                "Type": "other",
                "Other": {
                    "Name": "Docker Image: node",
                    "Version": "24-bullseye",
                    "DownloadUrl": "https://hub.docker.com/_/node"
                }
            }
        },
        {
            "Component": {
                "Type": "other",
                "Other": {
                    "Name": "Docker Image: node",
                    "Version": "22-bullseye",
                    "DownloadUrl": "https://hub.docker.com/_/node"
                }
            }
        },
        {
            "Component": {
                "Type": "other",
                "Other": {
                    "Name": "Docker Image: node",
                    "Version": "20-bullseye",
                    "DownloadUrl": "https://hub.docker.com/_/node"
                }
            }
        },
        {
            "Component": {
                "Type": "linux",
                "Linux": {
                    "Name": "moby-cli",
                    "Version": "29.1.4-ubuntu24.04u1",
                    "Distribution": "ubuntu",
                    "Release": "24.04",
                    "Pool-URL": "https://packages.microsoft.com/repos/microsoft-ubuntu-noble-prod"
                }
            }
        },
        {
            "Component": {
                "Type": "linux",
                "Linux": {
                    "Name": "moby-engine",
                    "Version": "29.1.4-ubuntu24.04u2",
                    "Distribution": "ubuntu",
                    "Release": "24.04",
                    "Pool-URL": "https://packages.microsoft.com/repos/microsoft-ubuntu-noble-prod"
                }
            }
        },
        {
            "Component": {
                "Type": "Pip",
                "Pip": {
                    "Name": "numpy"
                }
            }
        },
        {
            "Component": {
                "Type": "Pip",
                "Pip": {
                    "Name": "pandas"
                }
            }
        },
        {
            "Component": {
                "Type": "Pip",
                "Pip": {
                    "Name": "scipy"
                }
            }
        },
        {
            "Component": {
                "Type": "Pip",
                "Pip": {
                    "Name": "matplotlib"
                }
            }
        },
        {
            "Component": {
                "Type": "Pip",
                "Pip": {
                    "Name": "seaborn"
                }
            }
        },
        {
            "Component": {
                "Type": "Pip",
                "Pip": {
                    "Name": "scikit-learn"
                }
            }
        },
        {
            "Component": {
                "Type": "Pip",
                "Pip": {
                    "Name": "torch"
                }
            }
        },
        {
            "Component": {
                "Type": "Pip",
                "Pip": {
                    "Name": "plotly"
                }
            }
        },
        {
            "Component": {
                "Type": "Pip",
                "Pip": {
                    "Name": "jupyterlab_git",
                    "Version": "0.51.4"
                }
            }
        },
        {
            "Component": {
                "Type": "Pip",
                "Pip": {
                    "Name": "setuptools",
                    "Version": "80.10.2"
                }
            }
        },
        {
            "Component": {
                "Type": "Pip",
                "Pip": {
                    "Name": "wheel"
                }
            }
        },
        {
            "Component": {
                "Type": "RubyGems",
                "RubyGems": {
                    "Name": "rake",
                    "Version": "13.3.1"
                }
            }
        },
        {
            "Component": {
                "Type": "git",
                "Git": {
                    "Name": "Oh My Zsh!",
                    "repositoryUrl": "https://github.com/ohmyzsh/ohmyzsh",
                    "commitHash": "67cd8c4673512d08238461f7ce00715da01665d4"
                }
            }
        },
        {
            "Component": {
                "Type": "git",
                "Git": {
                    "Name": "nvs",
                    "repositoryUrl": "https://github.com/jasongin/nvs",
                    "commitHash": "6b20e9f750ea371bd347e5dbac8406d677292b60"
                }
            }
        },
        {
            "Component": {
                "Type": "other",
                "Other": {
                    "Name": "Xdebug",
                    "Version": "3.5.0",
                    "DownloadUrl": "https://xdebug.org/"
                }
            }
        },
        {
            "Component": {
                "Type": "other",
                "Other": {
                    "Name": "kubectl",
                    "Version": "v1.35.0",
                    "DownloadUrl": "https://github.com/kubernetes/kubectl"
                }
            }
        },
        {
            "Component": {
                "Type": "other",
                "Other": {
                    "Name": "Helm",
                    "Version": "4.1.0",
                    "DownloadUrl": "https://github.com/helm/helm"
                }
            }
        },
        {
            "Component": {
                "Type": "other",
                "Other": {
                    "Name": "Docker Compose",
                    "Version": "2.40.3",
                    "DownloadUrl": "https://github.com/docker/compose"
                }
            }
        },
        {
            "Component": {
                "Type": "other",
                "Other": {
                    "Name": "GitHub CLI",
                    "Version": "2.86.0",
                    "DownloadUrl": "https://github.com/cli/cli"
                }
            }
        },
        {
            "Component": {
                "Type": "other",
                "Other": {
                    "Name": "Go",
                    "Version": "1.25.6",
                    "DownloadUrl": "https://golang.org/dl"
                }
            }
        },
        {
            "Component": {
                "Type": "other",
                "Other": {
                    "Name": "Docker Image: ubuntu",
                    "Version": "noble",
                    "DownloadUrl": "https://hub.docker.com/_/ubuntu"
                }
            }
        }
    ],
    "Version": 1
}