{
    "image": "mcr.microsoft.com/devcontainers/javascript-node:3-22",
    "features": {
        "ghcr.io/devcontainers/features/docker-in-docker:2": {},
        "ghcr.io/devcontainers/features/azure-cli:1": {}
    },
    "postCreateCommand": "sudo corepack enable && corepack prepare yarn@4.9.4 --activate && npm install -g @devcontainers/cli",
    "customizations": {
        "vscode": {
            "extensions": [
                "mads-hartmann.bash-ide-vscode",
                "dbaeumer.vscode-eslint",
                "EditorConfig.EditorConfig"
            ]
        }
    }
}
