{
	"build": {
		"dockerfile": "./Dockerfile",
		"context": "."
	},

	"features": {
		"ghcr.io/devcontainers/features/git:1": {
            "version": "latest",
            "ppa": "false"
        }
    },

	"capAdd": ["SYS_PTRACE"],
	"securityOpt": ["seccomp=unconfined"],
	// Configure tool-specific properties.
	"customizations": {
		// Configure properties specific to VS Code.
		"vscode": {
			// Set *default* container specific settings.json values on container create.
			"settings": {
				"github.copilot.chat.codeGeneration.instructions": [
					{
						"text": "This dev container includes `gcc`, `g++`, `make`, `cmake`, `cppcheck`, `valgrind`, `clang`, `lldb`, `llvm`, `gdb` and `vcpkg` pre-installed and available on the `PATH`, along with the C/C++ language and CMake tools extensions for C/C++ development."
					}
				]
			},
			// Add the IDs of extensions you want installed when the container is created.
			"extensions": [
				"ms-vscode.cpptools",
				"ms-vscode.cmake-tools"
			]
		}
	},
	// Use 'forwardPorts' to make a list of ports inside the container available locally.
	// "forwardPorts": [],

	// Use 'postCreateCommand' to run commands after the container is created.
	// "postCreateCommand": "gcc -v",

	// Set `remoteUser` to `root` to connect as root instead. More info: https://aka.ms/vscode-remote/containers/non-root.
	"remoteUser": "vscode"
}